{"count":17,"results":[{"id":1,"type":"challenge","location":"f018dd6be448387075e6e51659c688b7/challenge_files-Do_It_Yourself_Crypto.7z","challenge_id":1,"page_id":null},{"id":2,"type":"challenge","location":"d563bf2922b9f1e6bc1c4e609f5937fc/challenge_files-Egg.7z","challenge_id":2,"page_id":null},{"id":3,"type":"challenge","location":"429cdd8554907cd7aaab013b8c2f98bc/challenge_files-Encrypted_Image.7z","challenge_id":3,"page_id":null},{"id":4,"type":"challenge","location":"abb97c346128507e1368864c73f8d418/challenge_files-GPG_Encryption.7z","challenge_id":5,"page_id":null},{"id":5,"type":"challenge","location":"ef6d53b320c4a656e5d001ac0c8ae966/challenge_files-How_do_I_read_a_bin_file.7z","challenge_id":6,"page_id":null},{"id":6,"type":"challenge","location":"ceac82a79e0d9c1c776b4891d8d1da4e/challenge_files-Sum_More_Stuff_To_Do.7z","challenge_id":8,"page_id":null},{"id":7,"type":"challenge","location":"918854770faf3009b8ebf7c220447e49/challenge_files-Ok_Google_Whats_TCP.7z","challenge_id":9,"page_id":null},{"id":8,"type":"challenge","location":"9a17943db019bb9a405fb40b7a093b3c/challenge_files-Shark_On_A_Wire.7z","challenge_id":10,"page_id":null},{"id":10,"type":"challenge","location":"d46c1b846c8b73eaf9696e498d4e90fc/challenge_files-Minion_Hide_And_Seek.7z","challenge_id":13,"page_id":null},{"id":11,"type":"challenge","location":"8b85a8ec229e12639645abdb9d912034/challenge_files-Noisy_Flag.7z","challenge_id":14,"page_id":null},{"id":12,"type":"challenge","location":"af350af864ced670cafacd0b97adb364/challenge_files-Too_Much_Flow.7z","challenge_id":17,"page_id":null},{"id":13,"type":"challenge","location":"a64a24c6400aaeb281a3ee4b3378175f/challenge_files-Theres_An_Error_In_My_Image.7z","challenge_id":21,"page_id":null},{"id":14,"type":"challenge","location":"820d26e85b16d3fb66408ef6687d151f/challenge_files-What_Did_I_Look_Up.7z","challenge_id":22,"page_id":null},{"id":15,"type":"challenge","location":"397dec75f6bf2fd7fbe896f2c020ee41/challenge_files-Youll_Never_Find_Me_In_This_Ocean.7z","challenge_id":11,"page_id":null},{"id":16,"type":"challenge","location":"d2b82bea651df84c6905c340eb52886a/challenge_files-EncryptionnoitpyrcnE.7z","challenge_id":4,"page_id":null},{"id":17,"type":"challenge","location":"b81bf8661d960495e2984190dbd48cec/identify_yourself_easy","challenge_id":27,"page_id":null},{"id":18,"type":"challenge","location":"c5110bca470f59ad569c976d0474496c/identify_yourself_hard","challenge_id":27,"page_id":null}],"meta":{}}