{"count":5,"results":[{"id":1,"type":"challenge","location":"79550b6315bb5ead674a939b958ee367/challenge_files-Too_Much_Flow.7z","challenge_id":6,"page_id":null},{"id":2,"type":"challenge","location":"80fb5a92f3a7dd6d1eb4ddb822c1a53c/challenge_files-Minion_Hide_And_Seek.7z","challenge_id":2,"page_id":null},{"id":3,"type":"challenge","location":"fef0c710f1d15e7ec3abae3d99965cd0/challenge_files-Noisy_Flag.7z","challenge_id":3,"page_id":null},{"id":4,"type":"challenge","location":"f18898554b7b77a28a08d647a449efdc/identify_yourself_easy","challenge_id":12,"page_id":null},{"id":5,"type":"challenge","location":"4438570cb0875a4bc93aedb62578d15d/identify_yourself_hard","challenge_id":12,"page_id":null}],"meta":{}}