{"count":12,"results":[{"id":1,"challenge_id":1,"type":"static","content":"M0o0_im_4_C0W_jk","data":null},{"id":2,"challenge_id":2,"type":"static","content":"stegosaurus_and_gru_r_friends!","data":null},{"id":3,"challenge_id":3,"type":"static","content":"smile_and_wav_boys","data":null},{"id":4,"challenge_id":4,"type":"static","content":"sln -sf /tmp/me /tmp/myfriend","data":null},{"id":5,"challenge_id":5,"type":"static","content":"seedroot:U6aMy0wojraho:0:0:daemon:/home/seed:/bin/bash","data":null},{"id":6,"challenge_id":6,"type":"static","content":"pr4ct1c3_s4f3_st4ck5","data":null},{"id":7,"challenge_id":7,"type":"static","content":"red_and_white_str1p3s","data":null},{"id":8,"challenge_id":8,"type":"static","content":"ChangeMe","data":null},{"id":9,"challenge_id":9,"type":"static","content":"ChangeMe","data":null},{"id":10,"challenge_id":10,"type":"static","content":"CHANGE_ME_EASY","data":null},{"id":11,"challenge_id":11,"type":"static","content":"change_me_hard","data":null},{"id":12,"challenge_id":12,"type":"static","content":"CHANGE_ME","data":""}],"meta":{}}